uid,username,correo,password
36,JessicaGraham,Jessica.Graham@gmail.com,36pwd
12,Mrs.Jennifer,Mrs..Jennifer@gmail.com,12pwd
44,OscarCaldwell,Oscar.Caldwell@gmail.com,44pwd
32,DarrenGray,Darren.Gray@gmail.com,32pwd
5,MarkDalton,Mark.Dalton@gmail.com,5pwd
35,JamesBrooks,James.Brooks@gmail.com,35pwd
17,VincentLeonard,Vincent.Leonard@gmail.com,17pwd
49,AaronEstrada,Aaron.Estrada@gmail.com,49pwd
24,NicholasDunn,Nicholas.Dunn@gmail.com,24pwd
29,SheilaHubbard,Sheila.Hubbard@gmail.com,29pwd
15,VernonGonzales,Vernon.Gonzales@gmail.com,15pwd
8,GregoryJones,Gregory.Jones@gmail.com,8pwd
14,MeredithLindsey,Meredith.Lindsey@gmail.com,14pwd
2,ChadHolloway,Chad.Holloway@gmail.com,2pwd
48,KennethMiller,Kenneth.Miller@gmail.com,48pwd
3,PhillipHall,Phillip.Hall@gmail.com,3pwd
23,CharlesEsparza,Charles.Esparza@gmail.com,23pwd
18,JoshuaHansen,Joshua.Hansen@gmail.com,18pwd
40,JasonKemp,Jason.Kemp@gmail.com,40pwd
26,BrianDuke,Brian.Duke@gmail.com,26pwd
9,KarenConley,Karen.Conley@gmail.com,9pwd
4,EmilyJackson,Emily.Jackson@gmail.com,4pwd
16,JackMyers,Jack.Myers@gmail.com,16pwd
45,DavidRandall,David.Randall@gmail.com,45pwd
20,JustinGonzalez,Justin.Gonzalez@gmail.com,20pwd
38,DebraFranklin,Debra.Franklin@gmail.com,38pwd
10,MatthewRandall,Matthew.Randall@gmail.com,10pwd
41,JenniferSmith,Jennifer.Smith@gmail.com,41pwd
34,FrancesHenry,Frances.Henry@gmail.com,34pwd
31,CourtneyGarcia,Courtney.Garcia@gmail.com,31pwd
25,MiguelSantiago,Miguel.Santiago@gmail.com,25pwd
46,SamuelSanders,Samuel.Sanders@gmail.com,46pwd
33,Mr.Stanley,Mr..Stanley@gmail.com,33pwd
43,DennisRios,Dennis.Rios@gmail.com,43pwd
50,JuanHicks,Juan.Hicks@gmail.com,50pwd
27,MichaelHernandez,Michael.Hernandez@gmail.com,27pwd
1,ChristinaBrown,Christina.Brown@gmail.com,1pwd
13,SabrinaWang,Sabrina.Wang@gmail.com,13pwd
22,JohnMorrow,John.Morrow@gmail.com,22pwd
39,GeorgeStout,George.Stout@gmail.com,39pwd
37,ShannonTucker,Shannon.Tucker@gmail.com,37pwd
47,EricMarshall,Eric.Marshall@gmail.com,47pwd
30,SheilaHolmes,Sheila.Holmes@gmail.com,30pwd
6,JohnMitchell,John.Mitchell@gmail.com,6pwd
11,MatthewWalker,Matthew.Walker@gmail.com,11pwd
21,MatthewHardy,Matthew.Hardy@gmail.com,21pwd
19,MirandaSchroeder,Miranda.Schroeder@gmail.com,19pwd
28,LoriCampos,Lori.Campos@gmail.com,28pwd
42,MarcoCurtis,Marco.Curtis@gmail.com,42pwd
7,NicholasHoward,Nicholas.Howard@gmail.com,7pwd