nombreusuario,username,direccionusuario
Jessica Graham,JessicaGraham,"65431 Harris Plaza Apt. 658 Hillhaven, NV 54338"
Mrs. Jennifer Herrera,Mrs.Jennifer,"789 Cynthia Canyon Suite 606 Robintown, MA 16782"
Oscar Caldwell,OscarCaldwell,"982 Andrew Underpass Suite 779 New Michaelshire, OH 97878"
Darren Gray,DarrenGray,"95058 Powers Island Johnsonside, WA 89838"
Mark Dalton,MarkDalton,"876 Gabriel Plaza Port Brandonburgh, DC 44886"
James Brooks,JamesBrooks,"701 Tonya Hills Brittanyport, NJ 91013"
Vincent Leonard,VincentLeonard,"08849 Kevin Rapids New Baileytown, WY 45966"
Aaron Estrada,AaronEstrada,"48764 Clark Ramp Bradfordmouth, UT 55780"
Nicholas Dunn,NicholasDunn,"61079 Thomas Shore Gardnerton, IN 15710"
Sheila Hubbard,SheilaHubbard,USNV Reyes FPO AE 86453
Vernon Gonzales,VernonGonzales,"8703 Amy Pike Garciachester, IA 27013"
Gregory Jones,GregoryJones,"715 John Falls Apt. 167 Alyssashire, KY 79697"
Meredith Lindsey,MeredithLindsey,"0125 Pamela Roads Suite 573 Robertview, TN 81130"
Chad Holloway,ChadHolloway,"075 Samantha Mews Jeremiahberg, MD 35545"
Kenneth Miller,KennethMiller,"60602 Henderson Fords Apt. 764 North Frankhaven, HI 85863"
Phillip Hall,PhillipHall,"9349 Petersen Meadows Jonesland, WY 40858"
Charles Esparza,CharlesEsparza,"0680 Adam Key South Chad, HI 15004"
Joshua Hansen,JoshuaHansen,Unit 9153 Box 5256 DPO AA 17953
Jason Kemp,JasonKemp,"51005 Timothy Underpass Woodsburgh, VA 21674"
Brian Duke,BrianDuke,"400 Thompson Springs Port Amyland, AR 65691"
Karen Conley,KarenConley,"1364 Michael Hill Suite 750 Madisontown, CT 37329"
Emily Jackson,EmilyJackson,"PSC 0039, Box 7414 APO AE 01858"
Jack Myers,JackMyers,"3556 Tamara Road Apt. 376 North Maryshire, NC 83844"
David Randall,DavidRandall,"PSC 0949, Box 2041 APO AA 71725"
Justin Gonzalez,JustinGonzalez,"6493 Davis Walks Suite 766 New Robert, ME 32152"
Debra Franklin,DebraFranklin,"056 Richard Heights Suite 943 Port Kristibury, SD 75378"
Matthew Randall,MatthewRandall,"639 Theresa Causeway New Kimberly, OH 15747"
Jennifer Smith,JenniferSmith,"783 Kimberly Court Apt. 695 East Sharon, TN 15847"
Frances Henry,FrancesHenry,USNS Fitzpatrick FPO AP 74170
Courtney Garcia DDS,CourtneyGarcia,"794 James Freeway Mathewsfurt, MI 18712"
Miguel Santiago,MiguelSantiago,Unit 8487 Box 8033 DPO AE 08178
Samuel Sanders,SamuelSanders,"6968 Harrison Meadows New Meganland, AL 47398"
Mr. Stanley Davis,Mr.Stanley,"47013 Caldwell Parkway Apt. 925 Davidsonmouth, OK 87204"
Dennis Rios,DennisRios,"008 Rowland Plains Jacksonport, NH 34492"
Juan Hicks,JuanHicks,"80203 Walter Estates Suite 342 Port Dana, WA 52677"
Michael Hernandez,MichaelHernandez,"72374 Sandra Haven New Andrewstad, NV 94835"
Christina Brown,ChristinaBrown,"145 Fisher Plain Port Phillipville, OH 56904"
Sabrina Wang,SabrinaWang,"2566 Emily Ports Suite 151 Jamesshire, LA 84360"
John Morrow,JohnMorrow,"3115 Ronald Radial Suite 453 Carrfort, OK 90593"
George Stout,GeorgeStout,"50663 Stacy Isle Georgefurt, PA 81787"
Shannon Tucker,ShannonTucker,"2643 Brian Lakes Aguirrebury, CA 70775"
Eric Marshall,EricMarshall,"7729 Bradford Springs Apt. 296 Christieland, AL 52634"
Sheila Holmes,SheilaHolmes,"4518 Johnson Throughway Mayshaven, KS 69102"
John Mitchell,JohnMitchell,"7247 April Ville Suite 533 West Christinashire, NM 20136"
Matthew Walker,MatthewWalker,"9994 Denise Mills Suite 245 Samanthashire, ID 56928"
Matthew Hardy,MatthewHardy,"7653 Michelle Extensions Apt. 073 New Donald, AZ 84920"
Miranda Schroeder,MirandaSchroeder,"99833 Jason Unions Suite 828 Gabrielmouth, VT 17200"
Lori Campos,LoriCampos,"429 Angela Pike Apt. 389 Port Wanda, OR 44178"
Marco Curtis,MarcoCurtis,"10221 Paula Highway Suite 342 Garrisonmouth, HI 48762"
Nicholas Howard,NicholasHoward,"970 Patel Fort Callahanland, AZ 29356"