uid,username,correo
36,JessicaGraham,Jessica.Graham@gmail.com
12,Mrs.Jennifer,Mrs..Jennifer@gmail.com
44,OscarCaldwell,Oscar.Caldwell@gmail.com
32,DarrenGray,Darren.Gray@gmail.com
5,MarkDalton,Mark.Dalton@gmail.com
35,JamesBrooks,James.Brooks@gmail.com
17,VincentLeonard,Vincent.Leonard@gmail.com
49,AaronEstrada,Aaron.Estrada@gmail.com
24,NicholasDunn,Nicholas.Dunn@gmail.com
29,SheilaHubbard,Sheila.Hubbard@gmail.com
15,VernonGonzales,Vernon.Gonzales@gmail.com
8,GregoryJones,Gregory.Jones@gmail.com
14,MeredithLindsey,Meredith.Lindsey@gmail.com
2,ChadHolloway,Chad.Holloway@gmail.com
48,KennethMiller,Kenneth.Miller@gmail.com
3,PhillipHall,Phillip.Hall@gmail.com
23,CharlesEsparza,Charles.Esparza@gmail.com
18,JoshuaHansen,Joshua.Hansen@gmail.com
40,JasonKemp,Jason.Kemp@gmail.com
26,BrianDuke,Brian.Duke@gmail.com
9,KarenConley,Karen.Conley@gmail.com
4,EmilyJackson,Emily.Jackson@gmail.com
16,JackMyers,Jack.Myers@gmail.com
45,DavidRandall,David.Randall@gmail.com
20,JustinGonzalez,Justin.Gonzalez@gmail.com
38,DebraFranklin,Debra.Franklin@gmail.com
10,MatthewRandall,Matthew.Randall@gmail.com
41,JenniferSmith,Jennifer.Smith@gmail.com
34,FrancesHenry,Frances.Henry@gmail.com
31,CourtneyGarcia,Courtney.Garcia@gmail.com
25,MiguelSantiago,Miguel.Santiago@gmail.com
46,SamuelSanders,Samuel.Sanders@gmail.com
33,Mr.Stanley,Mr..Stanley@gmail.com
43,DennisRios,Dennis.Rios@gmail.com
50,JuanHicks,Juan.Hicks@gmail.com
27,MichaelHernandez,Michael.Hernandez@gmail.com
1,ChristinaBrown,Christina.Brown@gmail.com
13,SabrinaWang,Sabrina.Wang@gmail.com
22,JohnMorrow,John.Morrow@gmail.com
39,GeorgeStout,George.Stout@gmail.com
37,ShannonTucker,Shannon.Tucker@gmail.com
47,EricMarshall,Eric.Marshall@gmail.com
30,SheilaHolmes,Sheila.Holmes@gmail.com
6,JohnMitchell,John.Mitchell@gmail.com
11,MatthewWalker,Matthew.Walker@gmail.com
21,MatthewHardy,Matthew.Hardy@gmail.com
19,MirandaSchroeder,Miranda.Schroeder@gmail.com
28,LoriCampos,Lori.Campos@gmail.com
42,MarcoCurtis,Marco.Curtis@gmail.com
7,NicholasHoward,Nicholas.Howard@gmail.com